Time Stamp,Record Type,Channel,Parameter Code,Parameter Value
69:02:00:00,3,1,15:AC Detector Leakage Current,-247
69:02:00:00,3,1,73:DC Detector Leakage Current,-37.037
69:02:00:00,3,1,16:Charge Loop DC Level,-0.71999997
69:03:00:00,3,0,11:PRTD 1,-166.35881
69:03:00:00,3,0,12:PRTD 2,-197.51744
69:03:00:00,3,0,13:Ambient Temperature,29.857697
69:03:00:00,3,0,14:LN2 Level,0
69:03:00:00,3,1,15:AC Detector Leakage Current,-247
69:03:00:00,3,1,73:DC Detector Leakage Current,-12.345631
69:03:00:00,3,1,16:Charge Loop DC Level,-0.67999995
69:04:00:00,3,0,11:PRTD 1,-166.36441
69:04:00:00,3,0,12:PRTD 2,-197.52287
69:04:00:00,3,0,13:Ambient Temperature,29.857697
69:04:00:00,3,0,14:LN2 Level,0
69:04:00:00,3,1,15:AC Detector Leakage Current,-247
69:04:00:00,3,1,73:DC Detector Leakage Current,-12.345631
69:04:00:00,3,1,16:Charge Loop DC Level,-0.67999995
69:05:00:00,3,0,11:PRTD 1,-166.37
69:05:00:00,3,0,12:PRTD 2,-197.52287
69:05:00:00,3,0,13:Ambient Temperature,29.857697
69:05:00:00,3,0,14:LN2 Level,0
69:05:00:00,3,1,15:AC Detector Leakage Current,-247
69:05:00:00,3,1,73:DC Detector Leakage Current,-12.345631
69:05:00:00,3,1,16:Charge Loop DC Level,-0.67999995
69:06:00:00,3,0,11:PRTD 1,-166.35881
69:06:00:00,3,0,12:PRTD 2,-197.51201
69:06:00:00,3,0,13:Ambient Temperature,30.061768
69:06:00:00,3,0,14:LN2 Level,0
69:06:00:00,3,1,15:AC Detector Leakage Current,-247
69:06:00:00,3,1,73:DC Detector Leakage Current,-12.345631
69:06:00:00,3,1,16:Charge Loop DC Level,-0.67999995
69:07:00:00,3,0,11:PRTD 1,-166.33084
69:07:00:00,3,0,12:PRTD 2,-197.53917
69:07:00:00,3,0,13:Ambient Temperature,30.46994
69:07:00:00,3,0,14:LN2 Level,0
69:07:00:00,3,1,15:AC Detector Leakage Current,-246
69:07:00:00,3,1,73:DC Detector Leakage Current,-12.345631
69:07:00:00,3,1,16:Charge Loop DC Level,-0.67999995
69:08:00:00,3,0,11:PRTD 1,-166.28607
69:08:00:00,3,0,12:PRTD 2,-197.55003
69:08:00:00,3,0,13:Ambient Temperature,30.878082
69:08:00:00,3,0,14:LN2 Level,0
69:08:00:00,3,1,15:AC Detector Leakage Current,-247
69:08:00:00,3,1,73:DC Detector Leakage Current,-12.345631
69:08:00:00,3,1,16:Charge Loop DC Level,-0.67999995
69:09:00:00,3,0,11:PRTD 1,-166.2581
69:09:00:00,3,0,12:PRTD 2,-197.5446
69:09:00:00,3,0,13:Ambient Temperature,30.674011
69:09:00:00,3,0,14:LN2 Level,0
69:09:00:00,3,1,15:AC Detector Leakage Current,-247
69:09:00:00,3,1,73:DC Detector Leakage Current,-24.691298
69:09:00:00,3,1,16:Charge Loop DC Level,-0.6999999
69:10:00:00,3,0,11:PRTD 1,-166.2637
69:10:00:00,3,0,12:PRTD 2,-197.5446
69:10:00:00,3,0,13:Ambient Temperature,30.674011
69:10:00:00,3,0,14:LN2 Level,0
69:10:00:00,3,1,15:AC Detector Leakage Current,-247
69:10:00:00,3,1,73:DC Detector Leakage Current,3.68E-05
69:10:00:00,3,1,16:Charge Loop DC Level,-0.65999997
69:11:00:00,3,0,11:PRTD 1,-166.2581
69:11:00:00,3,0,12:PRTD 2,-197.55003
69:11:00:00,3,0,13:Ambient Temperature,30.674011
69:11:00:00,3,0,14:LN2 Level,0
69:11:00:00,3,1,15:AC Detector Leakage Current,-247
69:11:00:00,3,1,73:DC Detector Leakage Current,-12.345631
69:11:00:00,3,1,16:Charge Loop DC Level,-0.67999995
69:12:00:00,3,0,11:PRTD 1,-166.26929
69:12:00:00,3,0,12:PRTD 2,-197.5446
69:12:00:00,3,0,13:Ambient Temperature,30.674011
69:12:00:00,3,0,14:LN2 Level,0
69:12:00:00,3,1,15:AC Detector Leakage Current,-247
69:12:00:00,3,1,73:DC Detector Leakage Current,-12.345631
69:12:00:00,3,1,16:Charge Loop DC Level,-0.67999995
69:13:00:00,3,0,11:PRTD 1,-166.28049
69:13:00:00,3,0,12:PRTD 2,-197.53917
69:13:00:00,3,0,13:Ambient Temperature,30.46994
69:13:00:00,3,0,14:LN2 Level,0
69:13:00:00,3,1,15:AC Detector Leakage Current,-247
69:13:00:00,3,1,73:DC Detector Leakage Current,3.68E-05
69:13:00:00,3,1,16:Charge Loop DC Level,-0.65999997
69:14:00:00,3,0,11:PRTD 1,-166.28049
69:14:00:00,3,0,12:PRTD 2,-197.5446
69:14:00:00,3,0,13:Ambient Temperature,30.46994
69:14:00:00,3,0,14:LN2 Level,0
69:14:00:00,3,1,15:AC Detector Leakage Current,-247
69:14:00:00,3,1,73:DC Detector Leakage Current,-12.345631
69:14:00:00,3,1,16:Charge Loop DC Level,-0.67999995
69:15:00:00,3,0,11:PRTD 1,-166.30286
69:15:00:00,3,0,12:PRTD 2,-197.5283
69:15:00:00,3,0,13:Ambient Temperature,30.265839
69:15:00:00,3,0,14:LN2 Level,0
69:15:00:00,3,1,15:AC Detector Leakage Current,-247
69:15:00:00,3,1,73:DC Detector Leakage Current,-24.691298
69:15:00:00,3,1,16:Charge Loop DC Level,-0.6999999
69:16:00:00,3,0,11:PRTD 1,-166.30846
69:16:00:00,3,0,12:PRTD 2,-197.53374
69:16:00:00,3,0,13:Ambient Temperature,30.265839
69:16:00:00,3,0,14:LN2 Level,0
69:16:00:00,3,1,15:AC Detector Leakage Current,-247
69:16:00:00,3,1,73:DC Detector Leakage Current,-12.345631
69:16:00:00,3,1,16:Charge Loop DC Level,-0.67999995
69:17:00:00,3,0,11:PRTD 1,-166.31406
69:17:00:00,3,0,12:PRTD 2,-197.53917
69:17:00:00,3,0,13:Ambient Temperature,30.061768
69:17:00:00,3,0,14:LN2 Level,0
69:17:00:00,3,1,15:AC Detector Leakage Current,-247
69:17:00:00,3,1,73:DC Detector Leakage Current,-12.345631
69:17:00:00,3,1,16:Charge Loop DC Level,-0.67999995
69:18:00:00,3,0,11:PRTD 1,-166.33084
69:18:00:00,3,0,12:PRTD 2,-197.53374
69:18:00:00,3,0,13:Ambient Temperature,30.061768
69:18:00:00,3,0,14:LN2 Level,0
69:18:00:00,3,1,15:AC Detector Leakage Current,-247
69:18:00:00,3,1,73:DC Detector Leakage Current,-12.345631
69:18:00:00,3,1,16:Charge Loop DC Level,-0.67999995
69:19:00:00,3,0,11:PRTD 1,-166.32524
69:19:00:00,3,0,12:PRTD 2,-197.5283
69:19:00:00,3,0,13:Ambient Temperature,30.061768
69:19:00:00,3,0,14:LN2 Level,0
69:19:00:00,3,1,15:AC Detector Leakage Current,-247
69:19:00:00,3,1,73:DC Detector Leakage Current,-12.345631
69:19:00:00,3,1,16:Charge Loop DC Level,-0.67999995
69:20:00:00,3,0,11:PRTD 1,-166.32524
69:20:00:00,3,0,12:PRTD 2,-197.51744
69:20:00:00,3,0,13:Ambient Temperature,30.061768
69:20:00:00,3,0,14:LN2 Level,0
69:20:00:00,3,1,15:AC Detector Leakage Current,-247
69:20:00:00,3,1,73:DC Detector Leakage Current,-49.382668
69:20:00:00,3,1,16:Charge Loop DC Level,-0.73999995
69:21:00:00,3,0,11:PRTD 1,-166.34763
69:21:00:00,3,0,12:PRTD 2,-197.5283
69:21:00:00,3,0,13:Ambient Temperature,30.061768
69:21:00:00,3,0,14:LN2 Level,0
69:21:00:00,3,1,15:AC Detector Leakage Current,-247
69:21:00:00,3,1,73:DC Detector Leakage Current,-12.345631
69:21:00:00,3,1,16:Charge Loop DC Level,-0.67999995
69:22:00:00,3,0,11:PRTD 1,-166.33643
69:22:00:00,3,0,12:PRTD 2,-197.53917
69:22:00:00,3,0,13:Ambient Temperature,30.265839
69:22:00:00,3,0,14:LN2 Level,0
69:22:00:00,3,1,15:AC Detector Leakage Current,-247
69:22:00:00,3,1,73:DC Detector Leakage Current,-86.41971
69:22:00:00,3,1,16:Charge Loop DC Level,-0.79999995
69:23:00:00,3,0,11:PRTD 1,-166.33084
69:23:00:00,3,0,12:PRTD 2,-197.52287
69:23:00:00,3,0,13:Ambient Temperature,30.265839
69:23:00:00,3,0,14:LN2 Level,0
69:23:00:00,3,1,15:AC Detector Leakage Current,-247
69:23:00:00,3,1,73:DC Detector Leakage Current,-12.345631
69:23:00:00,3,1,16:Charge Loop DC Level,-0.67999995
70:00:00:00,3,0,11:PRTD 1,-166.33084
70:00:00:00,3,0,12:PRTD 2,-197.53374
70:00:00:00,3,0,13:Ambient Temperature,30.265839
70:00:00:00,3,0,14:LN2 Level,0
70:00:00:00,3,1,15:AC Detector Leakage Current,-246
70:00:00:00,3,1,73:DC Detector Leakage Current,-12.345631
70:00:00:00,3,1,16:Charge Loop DC Level,-0.67999995
70:01:00:00,3,0,11:PRTD 1,-166.34203
70:01:00:00,3,0,12:PRTD 2,-197.5283
70:01:00:00,3,0,13:Ambient Temperature,30.265839
70:01:00:00,3,0,14:LN2 Level,0
70:01:00:00,3,1,15:AC Detector Leakage Current,-247
70:01:00:00,3,1,73:DC Detector Leakage Current,-12.345631
70:01:00:00,3,1,16:Charge Loop DC Level,-0.67999995
70:02:00:00,3,0,11:PRTD 1,-166.31964
70:02:00:00,3,0,12:PRTD 2,-197.53374
70:02:00:00,3,0,13:Ambient Temperature,30.265839
70:02:00:00,3,0,14:LN2 Level,0
70:02:00:00,3,1,15:AC Detector Leakage Current,-247
70:02:00:00,3,1,73:DC Detector Leakage Current,-12.345631
70:02:00:00,3,1,16:Charge Loop DC Level,-0.67999995
70:03:00:00,3,0,11:PRTD 1,-166.32524
70:03:00:00,3,0,12:PRTD 2,-197.53374
70:03:00:00,3,0,13:Ambient Temperature,30.265839
70:03:00:00,3,0,14:LN2 Level,0
70:03:00:00,3,1,15:AC Detector Leakage Current,-247
70:03:00:00,3,1,73:DC Detector Leakage Current,-24.691298
70:03:00:00,3,1,16:Charge Loop DC Level,-0.6999999
70:04:00:00,3,0,11:PRTD 1,-166.33084
70:04:00:00,3,0,12:PRTD 2,-197.53374
70:04:00:00,3,0,13:Ambient Temperature,30.061768
70:04:00:00,3,0,14:LN2 Level,0
70:04:00:00,3,1,15:AC Detector Leakage Current,-247
70:04:00:00,3,1,73:DC Detector Leakage Current,3.68E-05
70:04:00:00,3,1,16:Charge Loop DC Level,-0.65999997
70:05:00:00,3,0,11:PRTD 1,-166.33084
70:05:00:00,3,0,12:PRTD 2,-197.53917
70:05:00:00,3,0,13:Ambient Temperature,30.061768
70:05:00:00,3,0,14:LN2 Level,0
70:05:00:00,3,1,15:AC Detector Leakage Current,-247
70:05:00:00,3,1,73:DC Detector Leakage Current,3.68E-05
70:05:00:00,3,1,16:Charge Loop DC Level,-0.65999997
70:06:00:00,3,0,11:PRTD 1,-166.35881
70:06:00:00,3,0,12:PRTD 2,-197.52287
70:06:00:00,3,0,13:Ambient Temperature,30.061768
70:06:00:00,3,0,14:LN2 Level,0
70:06:00:00,3,1,15:AC Detector Leakage Current,-247
70:06:00:00,3,1,73:DC Detector Leakage Current,3.68E-05
70:06:00:00,3,1,16:Charge Loop DC Level,-0.65999997
70:07:00:00,3,0,11:PRTD 1,-166.35881
70:07:00:00,3,0,12:PRTD 2,-197.5283
70:07:00:00,3,0,13:Ambient Temperature,30.061768
70:07:00:00,3,0,14:LN2 Level,0
70:07:00:00,3,1,15:AC Detector Leakage Current,-247
70:07:00:00,3,1,73:DC Detector Leakage Current,-49.382668
70:07:00:00,3,1,16:Charge Loop DC Level,-0.73999995
70:08:00:00,3,0,11:PRTD 1,-166.35321
70:08:00:00,3,0,12:PRTD 2,-197.53374
70:08:00:00,3,0,13:Ambient Temperature,29.857697
70:08:00:00,3,0,14:LN2 Level,0
70:08:00:00,3,1,15:AC Detector Leakage Current,-247
70:08:00:00,3,1,73:DC Detector Leakage Current,-12.345631
70:08:00:00,3,1,16:Charge Loop DC Level,-0.67999995
70:09:00:00,3,0,11:PRTD 1,-166.35321
70:09:00:00,3,0,12:PRTD 2,-197.5283
70:09:00:00,3,0,13:Ambient Temperature,30.061768
70:09:00:00,3,0,14:LN2 Level,0
70:09:00:00,3,1,15:AC Detector Leakage Current,-247
70:09:00:00,3,1,73:DC Detector Leakage Current,-12.345631
70:09:00:00,3,1,16:Charge Loop DC Level,-0.67999995
70:10:00:00,3,0,11:PRTD 1,-166.34763
70:10:00:00,3,0,12:PRTD 2,-197.5283
70:10:00:00,3,0,13:Ambient Temperature,30.061768
70:10:00:00,3,0,14:LN2 Level,0
70:10:00:00,3,1,15:AC Detector Leakage Current,-247
70:10:00:00,3,1,73:DC Detector Leakage Current,3.68E-05
70:10:00:00,3,1,16:Charge Loop DC Level,-0.65999997
70:11:00:00,3,0,11:PRTD 1,-166.35321
70:11:00:00,3,0,12:PRTD 2,-197.52287
70:11:00:00,3,0,13:Ambient Temperature,30.061768
70:11:00:00,3,0,14:LN2 Level,0
70:11:00:00,3,1,15:AC Detector Leakage Current,-247
70:11:00:00,3,1,73:DC Detector Leakage Current,-12.345631
70:11:00:00,3,1,16:Charge Loop DC Level,-0.67999995
70:12:00:00,3,0,11:PRTD 1,-166.34203
70:12:00:00,3,0,12:PRTD 2,-197.5283
70:12:00:00,3,0,13:Ambient Temperature,30.061768
70:12:00:00,3,0,14:LN2 Level,0
70:12:00:00,3,1,15:AC Detector Leakage Current,-247
70:12:00:00,3,1,73:DC Detector Leakage Current,-12.345631
70:12:00:00,3,1,16:Charge Loop DC Level,-0.67999995
70:13:00:00,3,0,11:PRTD 1,-166.34763
70:13:00:00,3,0,12:PRTD 2,-197.53374
70:13:00:00,3,0,13:Ambient Temperature,30.061768
70:13:00:00,3,0,14:LN2 Level,0
70:13:00:00,3,1,15:AC Detector Leakage Current,-247
70:13:00:00,3,1,73:DC Detector Leakage Current,-12.345631
70:13:00:00,3,1,16:Charge Loop DC Level,-0.67999995
70:14:00:00,3,0,11:PRTD 1,-166.34763
70:14:00:00,3,0,12:PRTD 2,-197.51201
70:14:00:00,3,0,13:Ambient Temperature,30.061768
70:14:00:00,3,0,14:LN2 Level,0
70:14:00:00,3,1,15:AC Detector Leakage Current,-247
70:14:00:00,3,1,73:DC Detector Leakage Current,-12.345631
70:14:00:00,3,1,16:Charge Loop DC Level,-0.67999995
70:15:00:00,3,0,11:PRTD 1,-166.34763
70:15:00:00,3,0,12:PRTD 2,-197.51744
70:15:00:00,3,0,13:Ambient Temperature,30.061768
70:15:00:00,3,0,14:LN2 Level,0
70:15:00:00,3,1,15:AC Detector Leakage Current,-247
70:15:00:00,3,1,73:DC Detector Leakage Current,-24.691298
70:15:00:00,3,1,16:Charge Loop DC Level,-0.6999999
70:16:00:00,3,0,11:PRTD 1,-166.34203
70:16:00:00,3,0,12:PRTD 2,-197.52287
70:16:00:00,3,0,13:Ambient Temperature,30.061768
70:16:00:00,3,0,14:LN2 Level,0
70:16:00:00,3,1,15:AC Detector Leakage Current,-247
70:16:00:00,3,1,73:DC Detector Leakage Current,-12.345631
70:16:00:00,3,1,16:Charge Loop DC Level,-0.67999995
70:17:00:00,3,0,11:PRTD 1,-166.33643
70:17:00:00,3,0,12:PRTD 2,-197.52287
70:17:00:00,3,0,13:Ambient Temperature,30.265839
70:17:00:00,3,0,14:LN2 Level,0
70:17:00:00,3,1,15:AC Detector Leakage Current,-247
70:17:00:00,3,1,73:DC Detector Leakage Current,-24.691298
70:17:00:00,3,1,16:Charge Loop DC Level,-0.6999999
70:18:00:00,3,0,11:PRTD 1,-166.32524
70:18:00:00,3,0,12:PRTD 2,-197.52287
70:18:00:00,3,0,13:Ambient Temperature,30.061768
70:18:00:00,3,0,14:LN2 Level,0
70:18:00:00,3,1,15:AC Detector Leakage Current,-247
70:18:00:00,3,1,73:DC Detector Leakage Current,3.68E-05
70:18:00:00,3,1,16:Charge Loop DC Level,-0.65999997
70:19:00:00,3,0,11:PRTD 1,-166.32524
70:19:00:00,3,0,12:PRTD 2,-197.52287
70:19:00:00,3,0,13:Ambient Temperature,30.061768
70:19:00:00,3,0,14:LN2 Level,0
70:19:00:00,3,1,15:AC Detector Leakage Current,-247
70:19:00:00,3,1,73:DC Detector Leakage Current,-12.345631
70:19:00:00,3,1,16:Charge Loop DC Level,-0.67999995
70:20:00:00,3,0,11:PRTD 1,-166.33084
70:20:00:00,3,0,12:PRTD 2,-197.53374
70:20:00:00,3,0,13:Ambient Temperature,30.061768
70:20:00:00,3,0,14:LN2 Level,0
70:20:00:00,3,1,15:AC Detector Leakage Current,-247
70:20:00:00,3,1,73:DC Detector Leakage Current,-12.345631
70:20:00:00,3,1,16:Charge Loop DC Level,-0.67999995
70:21:00:00,3,0,11:PRTD 1,-166.31964
70:21:00:00,3,0,12:PRTD 2,-197.5283
70:21:00:00,3,0,13:Ambient Temperature,30.265839
70:21:00:00,3,0,14:LN2 Level,0
70:21:00:00,3,1,15:AC Detector Leakage Current,-247
70:21:00:00,3,1,73:DC Detector Leakage Current,-12.345631
70:21:00:00,3,1,16:Charge Loop DC Level,-0.67999995
70:22:00:00,3,0,11:PRTD 1,-166.31964
70:22:00:00,3,0,12:PRTD 2,-197.52287
70:22:00:00,3,0,13:Ambient Temperature,29.857697
70:22:00:00,3,0,14:LN2 Level,0
70:22:00:00,3,1,15:AC Detector Leakage Current,-247
70:22:00:00,3,1,73:DC Detector Leakage Current,-24.691298
70:22:00:00,3,1,16:Charge Loop DC Level,-0.6999999
70:23:00:00,3,0,11:PRTD 1,-166.32524
70:23:00:00,3,0,12:PRTD 2,-197.51201
70:23:00:00,3,0,13:Ambient Temperature,30.061768
70:23:00:00,3,0,14:LN2 Level,0
70:23:00:00,3,1,15:AC Detector Leakage Current,-247
70:23:00:00,3,1,73:DC Detector Leakage Current,-12.345631
70:23:00:00,3,1,16:Charge Loop DC Level,-0.67999995
71:00:00:00,3,0,11:PRTD 1,-166.33084
71:00:00:00,3,0,12:PRTD 2,-197.51201
71:00:00:00,3,0,13:Ambient Temperature,30.061768
71:00:00:00,3,0,14:LN2 Level,0
71:00:00:00,3,1,15:AC Detector Leakage Current,-247
71:00:00:00,3,1,73:DC Detector Leakage Current,3.68E-05
71:00:00:00,3,1,16:Charge Loop DC Level,-0.65999997
71:01:00:00,3,0,11:PRTD 1,-166.33643
71:01:00:00,3,0,12:PRTD 2,-197.51744
71:01:00:00,3,0,13:Ambient Temperature,30.061768
71:01:00:00,3,0,14:LN2 Level,0
71:01:00:00,3,1,15:AC Detector Leakage Current,-247
71:01:00:00,3,1,73:DC Detector Leakage Current,-12.345631
71:01:00:00,3,1,16:Charge Loop DC Level,-0.67999995
71:02:00:00,3,0,11:PRTD 1,-166.33643
71:02:00:00,3,0,12:PRTD 2,-197.50656
71:02:00:00,3,0,13:Ambient Temperature,30.061768
71:02:00:00,3,0,14:LN2 Level,0
71:02:00:00,3,1,15:AC Detector Leakage Current,-247
71:02:00:00,3,1,73:DC Detector Leakage Current,-12.345631
71:02:00:00,3,1,16:Charge Loop DC Level,-0.67999995
71:03:00:00,3,0,11:PRTD 1,-166.33084
71:03:00:00,3,0,12:PRTD 2,-197.51744
71:03:00:00,3,0,13:Ambient Temperature,30.061768
71:03:00:00,3,0,14:LN2 Level,0
71:03:00:00,3,1,15:AC Detector Leakage Current,-247
71:03:00:00,3,1,73:DC Detector Leakage Current,-12.345631
71:03:00:00,3,1,16:Charge Loop DC Level,-0.67999995
71:04:00:00,3,0,11:PRTD 1,-166.34203
71:04:00:00,3,0,12:PRTD 2,-197.50656
71:04:00:00,3,0,13:Ambient Temperature,30.061768
71:04:00:00,3,0,14:LN2 Level,0
71:04:00:00,3,1,15:AC Detector Leakage Current,-247
71:04:00:00,3,1,73:DC Detector Leakage Current,3.68E-05
71:04:00:00,3,1,16:Charge Loop DC Level,-0.65999997
71:05:00:00,3,0,11:PRTD 1,-166.33643
71:05:00:00,3,0,12:PRTD 2,-197.52287
71:05:00:00,3,0,13:Ambient Temperature,30.061768
71:05:00:00,3,0,14:LN2 Level,0
71:05:00:00,3,1,15:AC Detector Leakage Current,-247
71:05:00:00,3,1,73:DC Detector Leakage Current,-12.345631
71:05:00:00,3,1,16:Charge Loop DC Level,-0.67999995
71:06:00:00,3,0,11:PRTD 1,-166.32524
71:06:00:00,3,0,12:PRTD 2,-197.51201
71:06:00:00,3,0,13:Ambient Temperature,30.061768
71:06:00:00,3,0,14:LN2 Level,0
71:06:00:00,3,1,15:AC Detector Leakage Current,-247
71:06:00:00,3,1,73:DC Detector Leakage Current,-12.345631
71:06:00:00,3,1,16:Charge Loop DC Level,-0.67999995
71:07:00:00,3,0,11:PRTD 1,-166.31964
71:07:00:00,3,0,12:PRTD 2,-197.51744
71:07:00:00,3,0,13:Ambient Temperature,30.061768
71:07:00:00,3,0,14:LN2 Level,0
71:07:00:00,3,1,15:AC Detector Leakage Current,-247
71:07:00:00,3,1,73:DC Detector Leakage Current,3.68E-05
71:07:00:00,3,1,16:Charge Loop DC Level,-0.65999997
71:08:00:00,3,0,11:PRTD 1,-166.33084
71:08:00:00,3,0,12:PRTD 2,-197.52287
71:08:00:00,3,0,13:Ambient Temperature,30.061768
71:08:00:00,3,0,14:LN2 Level,0
71:08:00:00,3,1,15:AC Detector Leakage Current,-247
71:08:00:00,3,1,73:DC Detector Leakage Current,-12.345631
71:08:00:00,3,1,16:Charge Loop DC Level,-0.67999995
71:09:00:00,3,0,11:PRTD 1,-166.32524
71:09:00:00,3,0,12:PRTD 2,-197.51744
71:09:00:00,3,0,13:Ambient Temperature,30.061768
71:09:00:00,3,0,14:LN2 Level,0
71:09:00:00,3,1,15:AC Detector Leakage Current,-247
71:09:00:00,3,1,73:DC Detector Leakage Current,-12.345631
71:09:00:00,3,1,16:Charge Loop DC Level,-0.67999995
71:10:00:00,3,0,11:PRTD 1,-166.33643
71:10:00:00,3,0,12:PRTD 2,-197.52287
71:10:00:00,3,0,13:Ambient Temperature,30.061768
71:10:00:00,3,0,14:LN2 Level,0
71:10:00:00,3,1,15:AC Detector Leakage Current,-247
71:10:00:00,3,1,73:DC Detector Leakage Current,-12.345631
71:10:00:00,3,1,16:Charge Loop DC Level,-0.67999995
71:11:00:00,3,0,11:PRTD 1,-166.34203
71:11:00:00,3,0,12:PRTD 2,-197.52287
71:11:00:00,3,0,13:Ambient Temperature,30.061768
71:11:00:00,3,0,14:LN2 Level,0
71:11:00:00,3,1,15:AC Detector Leakage Current,-247
71:11:00:00,3,1,73:DC Detector Leakage Current,-12.345631
71:11:00:00,3,1,16:Charge Loop DC Level,-0.67999995
71:12:00:00,3,0,11:PRTD 1,-166.33084
71:12:00:00,3,0,12:PRTD 2,-197.51201
71:12:00:00,3,0,13:Ambient Temperature,30.061768
71:12:00:00,3,0,14:LN2 Level,0
71:12:00:00,3,1,15:AC Detector Leakage Current,-247
71:12:00:00,3,1,73:DC Detector Leakage Current,-12.345631
71:12:00:00,3,1,16:Charge Loop DC Level,-0.67999995
71:13:00:00,3,0,11:PRTD 1,-166.32524
71:13:00:00,3,0,12:PRTD 2,-197.51201
71:13:00:00,3,0,13:Ambient Temperature,30.061768
71:13:00:00,3,0,14:LN2 Level,0
71:13:00:00,3,1,15:AC Detector Leakage Current,-247
71:13:00:00,3,1,73:DC Detector Leakage Current,-24.691298
71:13:00:00,3,1,16:Charge Loop DC Level,-0.6999999
71:14:00:00,3,0,11:PRTD 1,-166.34203
71:14:00:00,3,0,12:PRTD 2,-197.51744
71:14:00:00,3,0,13:Ambient Temperature,30.061768
71:14:00:00,3,0,14:LN2 Level,0
71:14:00:00,3,1,15:AC Detector Leakage Current,-247
71:14:00:00,3,1,73:DC Detector Leakage Current,-37.037
71:14:00:00,3,1,16:Charge Loop DC Level,-0.71999997
71:15:00:00,3,0,11:PRTD 1,-166.33643
71:15:00:00,3,0,12:PRTD 2,-197.53374
71:15:00:00,3,0,13:Ambient Temperature,30.061768
71:15:00:00,3,0,14:LN2 Level,0
71:15:00:00,3,1,15:AC Detector Leakage Current,-247
71:15:00:00,3,1,73:DC Detector Leakage Current,3.68E-05
71:15:00:00,3,1,16:Charge Loop DC Level,-0.65999997
71:16:00:00,3,0,11:PRTD 1,-166.34203
71:16:00:00,3,0,12:PRTD 2,-197.52287
71:16:00:00,3,0,13:Ambient Temperature,30.061768
71:16:00:00,3,0,14:LN2 Level,0
71:16:00:00,3,1,15:AC Detector Leakage Current,-247
71:16:00:00,3,1,73:DC Detector Leakage Current,3.68E-05
71:16:00:00,3,1,16:Charge Loop DC Level,-0.65999997
71:17:00:00,3,0,11:PRTD 1,-166.33643
71:17:00:00,3,0,12:PRTD 2,-197.53374
71:17:00:00,3,0,13:Ambient Temperature,30.061768
71:17:00:00,3,0,14:LN2 Level,0
71:17:00:00,3,1,15:AC Detector Leakage Current,-247
71:17:00:00,3,1,73:DC Detector Leakage Current,3.68E-05
71:17:00:00,3,1,16:Charge Loop DC Level,-0.65999997
71:18:00:00,3,0,11:PRTD 1,-166.33084
71:18:00:00,3,0,12:PRTD 2,-197.51744
71:18:00:00,3,0,13:Ambient Temperature,30.061768
71:18:00:00,3,0,14:LN2 Level,0
71:18:00:00,3,1,15:AC Detector Leakage Current,-247
71:18:00:00,3,1,73:DC Detector Leakage Current,-12.345631
71:18:00:00,3,1,16:Charge Loop DC Level,-0.67999995
71:19:00:00,3,0,11:PRTD 1,-166.31964
71:19:00:00,3,0,12:PRTD 2,-197.5283
71:19:00:00,3,0,13:Ambient Temperature,30.265839
71:19:00:00,3,0,14:LN2 Level,0
71:19:00:00,3,1,15:AC Detector Leakage Current,-247
71:19:00:00,3,1,73:DC Detector Leakage Current,-12.345631
71:19:00:00,3,1,16:Charge Loop DC Level,-0.67999995
71:20:00:00,3,0,11:PRTD 1,-166.33643
71:20:00:00,3,0,12:PRTD 2,-197.53374
71:20:00:00,3,0,13:Ambient Temperature,30.061768
71:20:00:00,3,0,14:LN2 Level,0
71:20:00:00,3,1,15:AC Detector Leakage Current,-247
71:20:00:00,3,1,73:DC Detector Leakage Current,3.68E-05
71:20:00:00,3,1,16:Charge Loop DC Level,-0.65999997
71:21:00:00,3,0,11:PRTD 1,-166.33643
71:21:00:00,3,0,12:PRTD 2,-197.5283
71:21:00:00,3,0,13:Ambient Temperature,30.061768
71:21:00:00,3,0,14:LN2 Level,0
71:21:00:00,3,1,15:AC Detector Leakage Current,-247
71:21:00:00,3,1,73:DC Detector Leakage Current,3.68E-05
71:21:00:00,3,1,16:Charge Loop DC Level,-0.65999997
71:22:00:00,3,0,11:PRTD 1,-166.33643
71:22:00:00,3,0,12:PRTD 2,-197.53374
71:22:00:00,3,0,13:Ambient Temperature,29.857697
71:22:00:00,3,0,14:LN2 Level,0
71:22:00:00,3,1,15:AC Detector Leakage Current,-247
71:22:00:00,3,1,73:DC Detector Leakage Current,-12.345631
71:22:00:00,3,1,16:Charge Loop DC Level,-0.67999995
71:23:00:00,3,0,11:PRTD 1,-166.35321
71:23:00:00,3,0,12:PRTD 2,-197.53917
71:23:00:00,3,0,13:Ambient Temperature,30.061768
71:23:00:00,3,0,14:LN2 Level,0
71:23:00:00,3,1,15:AC Detector Leakage Current,-247
71:23:00:00,3,1,73:DC Detector Leakage Current,3.68E-05
71:23:00:00,3,1,16:Charge Loop DC Level,-0.65999997
72:00:00:00,3,0,11:PRTD 1,-166.34763
72:00:00:00,3,0,12:PRTD 2,-197.53374
72:00:00:00,3,0,13:Ambient Temperature,30.061768
72:00:00:00,3,0,14:LN2 Level,0
72:00:00:00,3,1,15:AC Detector Leakage Current,-247
72:00:00:00,3,1,73:DC Detector Leakage Current,3.68E-05
72:00:00:00,3,1,16:Charge Loop DC Level,-0.65999997
72:01:00:00,3,0,11:PRTD 1,-166.36441
72:01:00:00,3,0,12:PRTD 2,-197.5283
72:01:00:00,3,0,13:Ambient Temperature,29.857697
72:01:00:00,3,0,14:LN2 Level,0
72:01:00:00,3,1,15:AC Detector Leakage Current,-246
72:01:00:00,3,1,73:DC Detector Leakage Current,-24.691298
72:01:00:00,3,1,16:Charge Loop DC Level,-0.6999999
72:02:00:00,3,0,11:PRTD 1,-166.36441
72:02:00:00,3,0,12:PRTD 2,-197.52287
72:02:00:00,3,0,13:Ambient Temperature,30.061768
72:02:00:00,3,0,14:LN2 Level,0
72:02:00:00,3,1,15:AC Detector Leakage Current,-247
72:02:00:00,3,1,73:DC Detector Leakage Current,-12.345631
72:02:00:00,3,1,16:Charge Loop DC Level,-0.67999995
72:03:00:00,3,0,11:PRTD 1,-166.35881
72:03:00:00,3,0,12:PRTD 2,-197.5283
72:03:00:00,3,0,13:Ambient Temperature,30.061768
72:03:00:00,3,0,14:LN2 Level,0
72:03:00:00,3,1,15:AC Detector Leakage Current,-247
72:03:00:00,3,1,73:DC Detector Leakage Current,-12.345631
72:03:00:00,3,1,16:Charge Loop DC Level,-0.67999995
72:04:00:00,3,0,11:PRTD 1,-166.35321
72:04:00:00,3,0,12:PRTD 2,-197.52287
72:04:00:00,3,0,13:Ambient Temperature,30.061768
72:04:00:00,3,0,14:LN2 Level,0
72:04:00:00,3,1,15:AC Detector Leakage Current,-247
72:04:00:00,3,1,73:DC Detector Leakage Current,-12.345631
72:04:00:00,3,1,16:Charge Loop DC Level,-0.67999995
72:05:00:00,3,0,11:PRTD 1,-166.35321
72:05:00:00,3,0,12:PRTD 2,-197.53374
72:05:00:00,3,0,13:Ambient Temperature,30.061768
72:05:00:00,3,0,14:LN2 Level,0
72:05:00:00,3,1,15:AC Detector Leakage Current,-246
72:05:00:00,3,1,73:DC Detector Leakage Current,3.68E-05
72:05:00:00,3,1,16:Charge Loop DC Level,-0.65999997
72:06:00:00,3,0,11:PRTD 1,-166.35321
72:06:00:00,3,0,12:PRTD 2,-197.52287
72:06:00:00,3,0,13:Ambient Temperature,30.061768
72:06:00:00,3,0,14:LN2 Level,0
72:06:00:00,3,1,15:AC Detector Leakage Current,-247
72:06:00:00,3,1,73:DC Detector Leakage Current,-12.345631
72:06:00:00,3,1,16:Charge Loop DC Level,-0.67999995
72:07:00:00,3,0,11:PRTD 1,-166.33084
72:07:00:00,3,0,12:PRTD 2,-197.52287
72:07:00:00,3,0,13:Ambient Temperature,30.265839
72:07:00:00,3,0,14:LN2 Level,0
72:07:00:00,3,1,15:AC Detector Leakage Current,-247
72:07:00:00,3,1,73:DC Detector Leakage Current,3.68E-05
72:07:00:00,3,1,16:Charge Loop DC Level,-0.65999997
72:08:00:00,3,0,11:PRTD 1,-166.32524
72:08:00:00,3,0,12:PRTD 2,-197.5283
72:08:00:00,3,0,13:Ambient Temperature,30.265839
72:08:00:00,3,0,14:LN2 Level,0
72:08:00:00,3,1,15:AC Detector Leakage Current,-247
72:08:00:00,3,1,73:DC Detector Leakage Current,-12.345631
72:08:00:00,3,1,16:Charge Loop DC Level,-0.67999995
72:09:00:00,3,0,11:PRTD 1,-166.31964
72:09:00:00,3,0,12:PRTD 2,-197.52287
72:09:00:00,3,0,13:Ambient Temperature,30.265839
72:09:00:00,3,0,14:LN2 Level,0
72:09:00:00,3,1,15:AC Detector Leakage Current,-246
72:09:00:00,3,1,73:DC Detector Leakage Current,3.68E-05
72:09:00:00,3,1,16:Charge Loop DC Level,-0.65999997
72:10:00:00,3,0,11:PRTD 1,-166.31406
72:10:00:00,3,0,12:PRTD 2,-197.5283
72:10:00:00,3,0,13:Ambient Temperature,30.265839
72:10:00:00,3,0,14:LN2 Level,0
72:10:00:00,3,1,15:AC Detector Leakage Current,-246
72:10:00:00,3,1,73:DC Detector Leakage Current,-12.345631
72:10:00:00,3,1,16:Charge Loop DC Level,-0.67999995
72:11:00:00,3,0,11:PRTD 1,-166.31406
72:11:00:00,3,0,12:PRTD 2,-197.5283
72:11:00:00,3,0,13:Ambient Temperature,30.265839
72:11:00:00,3,0,14:LN2 Level,0
72:11:00:00,3,1,15:AC Detector Leakage Current,-247
72:11:00:00,3,1,73:DC Detector Leakage Current,-12.345631
72:11:00:00,3,1,16:Charge Loop DC Level,-0.67999995
72:12:00:00,3,0,11:PRTD 1,-166.32524
72:12:00:00,3,0,12:PRTD 2,-197.52287
72:12:00:00,3,0,13:Ambient Temperature,30.265839
72:12:00:00,3,0,14:LN2 Level,0
72:12:00:00,3,1,15:AC Detector Leakage Current,-247
72:12:00:00,3,1,73:DC Detector Leakage Current,-12.345631
72:12:00:00,3,1,16:Charge Loop DC Level,-0.67999995
72:13:00:00,3,0,11:PRTD 1,-166.29727
72:13:00:00,3,0,12:PRTD 2,-197.52287
72:13:00:00,3,0,13:Ambient Temperature,30.265839
72:13:00:00,3,0,14:LN2 Level,0
72:13:00:00,3,1,15:AC Detector Leakage Current,-247
72:13:00:00,3,1,73:DC Detector Leakage Current,-12.345631
72:13:00:00,3,1,16:Charge Loop DC Level,-0.67999995
72:14:00:00,3,0,11:PRTD 1,-166.31406
72:14:00:00,3,0,12:PRTD 2,-197.5283
72:14:00:00,3,0,13:Ambient Temperature,30.265839
72:14:00:00,3,0,14:LN2 Level,0
72:14:00:00,3,1,15:AC Detector Leakage Current,-247
72:14:00:00,3,1,73:DC Detector Leakage Current,3.68E-05
72:14:00:00,3,1,16:Charge Loop DC Level,-0.65999997
72:15:00:00,3,0,11:PRTD 1,-166.32524
72:15:00:00,3,0,12:PRTD 2,-197.51744
72:15:00:00,3,0,13:Ambient Temperature,29.857697
72:15:00:00,3,0,14:LN2 Level,0
72:15:00:00,3,1,15:AC Detector Leakage Current,-247
72:15:00:00,3,1,73:DC Detector Leakage Current,-24.691298
72:15:00:00,3,1,16:Charge Loop DC Level,-0.6999999
72:16:00:00,3,0,11:PRTD 1,-166.34203
72:16:00:00,3,0,12:PRTD 2,-197.52287
72:16:00:00,3,0,13:Ambient Temperature,29.857697
72:16:00:00,3,0,14:LN2 Level,0
72:16:00:00,3,1,15:AC Detector Leakage Current,-247
72:16:00:00,3,1,73:DC Detector Leakage Current,-12.345631
72:16:00:00,3,1,16:Charge Loop DC Level,-0.67999995
72:17:00:00,3,0,11:PRTD 1,-166.35321
72:17:00:00,3,0,12:PRTD 2,-197.52287
72:17:00:00,3,0,13:Ambient Temperature,30.061768
72:17:00:00,3,0,14:LN2 Level,0
72:17:00:00,3,1,15:AC Detector Leakage Current,-247
72:17:00:00,3,1,73:DC Detector Leakage Current,3.68E-05
72:17:00:00,3,1,16:Charge Loop DC Level,-0.65999997
72:18:00:00,3,0,11:PRTD 1,-166.34203
72:18:00:00,3,0,12:PRTD 2,-197.51744
72:18:00:00,3,0,13:Ambient Temperature,30.061768
72:18:00:00,3,0,14:LN2 Level,0
72:18:00:00,3,1,15:AC Detector Leakage Current,-247
72:18:00:00,3,1,73:DC Detector Leakage Current,-12.345631
72:18:00:00,3,1,16:Charge Loop DC Level,-0.67999995
72:19:00:00,3,0,11:PRTD 1,-166.33084
72:19:00:00,3,0,12:PRTD 2,-197.5283
72:19:00:00,3,0,13:Ambient Temperature,30.265839
72:19:00:00,3,0,14:LN2 Level,0
72:19:00:00,3,1,15:AC Detector Leakage Current,-247
72:19:00:00,3,1,73:DC Detector Leakage Current,-12.345631
72:19:00:00,3,1,16:Charge Loop DC Level,-0.67999995
72:20:00:00,3,0,11:PRTD 1,-166.32524
72:20:00:00,3,0,12:PRTD 2,-197.5283
72:20:00:00,3,0,13:Ambient Temperature,30.061768
72:20:00:00,3,0,14:LN2 Level,0
72:20:00:00,3,1,15:AC Detector Leakage Current,-247
72:20:00:00,3,1,73:DC Detector Leakage Current,3.68E-05
72:20:00:00,3,1,16:Charge Loop DC Level,-0.65999997
72:21:00:00,3,0,11:PRTD 1,-166.33643
72:21:00:00,3,0,12:PRTD 2,-197.51744
72:21:00:00,3,0,13:Ambient Temperature,29.857697
72:21:00:00,3,0,14:LN2 Level,0
72:21:00:00,3,1,15:AC Detector Leakage Current,-247
72:21:00:00,3,1,73:DC Detector Leakage Current,3.68E-05
72:21:00:00,3,1,16:Charge Loop DC Level,-0.65999997
72:22:00:00,3,0,11:PRTD 1,-166.33643
72:22:00:00,3,0,12:PRTD 2,-197.52287
72:22:00:00,3,0,13:Ambient Temperature,30.061768
72:22:00:00,3,0,14:LN2 Level,0
72:22:00:00,3,1,15:AC Detector Leakage Current,-247
72:22:00:00,3,1,73:DC Detector Leakage Current,-12.345631
72:22:00:00,3,1,16:Charge Loop DC Level,-0.67999995
72:23:00:00,3,0,11:PRTD 1,-166.34763
72:23:00:00,3,0,12:PRTD 2,-197.5283
72:23:00:00,3,0,13:Ambient Temperature,30.061768
72:23:00:00,3,0,14:LN2 Level,0
72:23:00:00,3,1,15:AC Detector Leakage Current,-247
72:23:00:00,3,1,73:DC Detector Leakage Current,3.68E-05
72:23:00:00,3,1,16:Charge Loop DC Level,-0.65999997
73:00:00:00,3,0,11:PRTD 1,-166.34763
73:00:00:00,3,0,12:PRTD 2,-197.51744
73:00:00:00,3,0,13:Ambient Temperature,30.061768
73:00:00:00,3,0,14:LN2 Level,0
73:00:00:00,3,1,15:AC Detector Leakage Current,-247
73:00:00:00,3,1,73:DC Detector Leakage Current,-12.345631
73:00:00:00,3,1,16:Charge Loop DC Level,-0.67999995
73:01:00:00,3,0,11:PRTD 1,-166.33643
73:01:00:00,3,0,12:PRTD 2,-197.5283
73:01:00:00,3,0,13:Ambient Temperature,30.061768
73:01:00:00,3,0,14:LN2 Level,0
73:01:00:00,3,1,15:AC Detector Leakage Current,-247
73:01:00:00,3,1,73:DC Detector Leakage Current,-12.345631
73:01:00:00,3,1,16:Charge Loop DC Level,-0.67999995
73:02:00:00,3,0,11:PRTD 1,-166.34763
73:02:00:00,3,0,12:PRTD 2,-197.51744
73:02:00:00,3,0,13:Ambient Temperature,30.061768
73:02:00:00,3,0,14:LN2 Level,0
73:02:00:00,3,1,15:AC Detector Leakage Current,-247
73:02:00:00,3,1,73:DC Detector Leakage Current,-12.345631
73:02:00:00,3,1,16:Charge Loop DC Level,-0.67999995
73:03:00:00,3,0,11:PRTD 1,-166.35881
73:03:00:00,3,0,12:PRTD 2,-197.53917
73:03:00:00,3,0,13:Ambient Temperature,30.061768
73:03:00:00,3,0,14:LN2 Level,0
73:03:00:00,3,1,15:AC Detector Leakage Current,-246
73:03:00:00,3,1,73:DC Detector Leakage Current,-12.345631
73:03:00:00,3,1,16:Charge Loop DC Level,-0.67999995
73:04:00:00,3,0,11:PRTD 1,-166.35321
73:04:00:00,3,0,12:PRTD 2,-197.5283
73:04:00:00,3,0,13:Ambient Temperature,29.857697
73:04:00:00,3,0,14:LN2 Level,0
73:04:00:00,3,1,15:AC Detector Leakage Current,-247
73:04:00:00,3,1,73:DC Detector Leakage Current,-12.345631
73:04:00:00,3,1,16:Charge Loop DC Level,-0.67999995
73:05:00:00,3,0,11:PRTD 1,-166.34763
73:05:00:00,3,0,12:PRTD 2,-197.5283
73:05:00:00,3,0,13:Ambient Temperature,30.061768
73:05:00:00,3,0,14:LN2 Level,0
73:05:00:00,3,1,15:AC Detector Leakage Current,-247
73:05:00:00,3,1,73:DC Detector Leakage Current,-12.345631
73:05:00:00,3,1,16:Charge Loop DC Level,-0.67999995
73:06:00:00,3,0,11:PRTD 1,-166.34203
73:06:00:00,3,0,12:PRTD 2,-197.5283
73:06:00:00,3,0,13:Ambient Temperature,30.061768
73:06:00:00,3,0,14:LN2 Level,0
73:06:00:00,3,1,15:AC Detector Leakage Current,-247
73:06:00:00,3,1,73:DC Detector Leakage Current,-12.345631
73:06:00:00,3,1,16:Charge Loop DC Level,-0.67999995
73:07:00:00,3,0,11:PRTD 1,-166.33643
73:07:00:00,3,0,12:PRTD 2,-197.52287
73:07:00:00,3,0,13:Ambient Temperature,30.061768
73:07:00:00,3,0,14:LN2 Level,0
73:07:00:00,3,1,15:AC Detector Leakage Current,-247
73:07:00:00,3,1,73:DC Detector Leakage Current,-24.691298
73:07:00:00,3,1,16:Charge Loop DC Level,-0.6999999
73:08:00:00,3,0,11:PRTD 1,-166.33643
73:08:00:00,3,0,12:PRTD 2,-197.5283
73:08:00:00,3,0,13:Ambient Temperature,30.061768
73:08:00:00,3,0,14:LN2 Level,0
73:08:00:00,3,1,15:AC Detector Leakage Current,-247
73:08:00:00,3,1,73:DC Detector Leakage Current,-37.037
73:08:00:00,3,1,16:Charge Loop DC Level,-0.67999995
73:09:00:00,3,0,11:PRTD 1,-166.33643
73:09:00:00,3,0,12:PRTD 2,-197.53374
73:09:00:00,3,0,13:Ambient Temperature,30.061768
73:09:00:00,3,0,14:LN2 Level,0
73:09:00:00,3,1,15:AC Detector Leakage Current,-247
73:09:00:00,3,1,73:DC Detector Leakage Current,-12.345631
73:09:00:00,3,1,16:Charge Loop DC Level,-0.67999995
73:10:00:00,3,0,11:PRTD 1,-166.34203
73:10:00:00,3,0,12:PRTD 2,-197.52287
73:10:00:00,3,0,13:Ambient Temperature,30.061768
73:10:00:00,3,0,14:LN2 Level,0
73:10:00:00,3,1,15:AC Detector Leakage Current,-247
73:10:00:00,3,1,73:DC Detector Leakage Current,3.68E-05
73:10:00:00,3,1,16:Charge Loop DC Level,-0.65999997
73:11:00:00,3,0,11:PRTD 1,-166.33084
73:11:00:00,3,0,12:PRTD 2,-197.5283
73:11:00:00,3,0,13:Ambient Temperature,30.061768
73:11:00:00,3,0,14:LN2 Level,0
73:11:00:00,3,1,15:AC Detector Leakage Current,-247
73:11:00:00,3,1,73:DC Detector Leakage Current,3.68E-05
73:11:00:00,3,1,16:Charge Loop DC Level,-0.65999997
73:12:00:00,3,0,11:PRTD 1,-166.34203
73:12:00:00,3,0,12:PRTD 2,-197.53917
73:12:00:00,3,0,13:Ambient Temperature,30.061768
73:12:00:00,3,0,14:LN2 Level,0
73:12:00:00,3,1,15:AC Detector Leakage Current,-247
73:12:00:00,3,1,73:DC Detector Leakage Current,-12.345631
73:12:00:00,3,1,16:Charge Loop DC Level,-0.67999995
73:13:00:00,3,0,11:PRTD 1,-166.34763
73:13:00:00,3,0,12:PRTD 2,-197.53374
73:13:00:00,3,0,13:Ambient Temperature,30.061768
73:13:00:00,3,0,14:LN2 Level,0
73:13:00:00,3,1,15:AC Detector Leakage Current,-248
73:13:00:00,3,1,73:DC Detector Leakage Current,-37.037
73:13:00:00,3,1,16:Charge Loop DC Level,-0.71999997
73:14:00:00,3,0,11:PRTD 1,-166.34203
73:14:00:00,3,0,12:PRTD 2,-197.53917
73:14:00:00,3,0,13:Ambient Temperature,30.061768
73:14:00:00,3,0,14:LN2 Level,0
73:14:00:00,3,1,15:AC Detector Leakage Current,-247
73:14:00:00,3,1,73:DC Detector Leakage Current,-24.691298
73:14:00:00,3,1,16:Charge Loop DC Level,-0.6999999
73:15:00:00,3,0,11:PRTD 1,-166.33643
73:15:00:00,3,0,12:PRTD 2,-197.53374
73:15:00:00,3,0,13:Ambient Temperature,30.061768
73:15:00:00,3,0,14:LN2 Level,0
73:15:00:00,3,1,15:AC Detector Leakage Current,-247
73:15:00:00,3,1,73:DC Detector Leakage Current,-12.345631
73:15:00:00,3,1,16:Charge Loop DC Level,-0.67999995
73:16:00:00,3,0,11:PRTD 1,-166.33643
73:16:00:00,3,0,12:PRTD 2,-197.51744
73:16:00:00,3,0,13:Ambient Temperature,30.265839
73:16:00:00,3,0,14:LN2 Level,0
73:16:00:00,3,1,15:AC Detector Leakage Current,-247
73:16:00:00,3,1,73:DC Detector Leakage Current,-12.345631
73:16:00:00,3,1,16:Charge Loop DC Level,-0.67999995
73:17:00:00,3,0,11:PRTD 1,-166.32524
73:17:00:00,3,0,12:PRTD 2,-197.5283
73:17:00:00,3,0,13:Ambient Temperature,30.061768
73:17:00:00,3,0,14:LN2 Level,0
73:17:00:00,3,1,15:AC Detector Leakage Current,-247
73:17:00:00,3,1,73:DC Detector Leakage Current,-12.345631
73:17:00:00,3,1,16:Charge Loop DC Level,-0.67999995
73:18:00:00,3,0,11:PRTD 1,-166.33084
73:18:00:00,3,0,12:PRTD 2,-197.52287
73:18:00:00,3,0,13:Ambient Temperature,30.061768
73:18:00:00,3,0,14:LN2 Level,0
73:18:00:00,3,1,15:AC Detector Leakage Current,-247
73:18:00:00,3,1,73:DC Detector Leakage Current,3.68E-05
73:18:00:00,3,1,16:Charge Loop DC Level,-0.65999997
73:19:00:00,3,0,11:PRTD 1,-166.32524
73:19:00:00,3,0,12:PRTD 2,-197.5283
73:19:00:00,3,0,13:Ambient Temperature,30.061768
73:19:00:00,3,0,14:LN2 Level,0
73:19:00:00,3,1,15:AC Detector Leakage Current,-247
73:19:00:00,3,1,73:DC Detector Leakage Current,3.68E-05
73:19:00:00,3,1,16:Charge Loop DC Level,-0.65999997
73:20:00:00,3,0,11:PRTD 1,-166.31964
73:20:00:00,3,0,12:PRTD 2,-197.53374
73:20:00:00,3,0,13:Ambient Temperature,30.265839
73:20:00:00,3,0,14:LN2 Level,0
73:20:00:00,3,1,15:AC Detector Leakage Current,-246
73:20:00:00,3,1,73:DC Detector Leakage Current,-12.345631
73:20:00:00,3,1,16:Charge Loop DC Level,-0.67999995
73:21:00:00,3,0,11:PRTD 1,-166.32524
73:21:00:00,3,0,12:PRTD 2,-197.53374
73:21:00:00,3,0,13:Ambient Temperature,30.061768
73:21:00:00,3,0,14:LN2 Level,0
73:21:00:00,3,1,15:AC Detector Leakage Current,-247
73:21:00:00,3,1,73:DC Detector Leakage Current,-12.345631
73:21:00:00,3,1,16:Charge Loop DC Level,-0.67999995
73:22:00:00,3,0,11:PRTD 1,-166.33643
73:22:00:00,3,0,12:PRTD 2,-197.53374
73:22:00:00,3,0,13:Ambient Temperature,30.061768
73:22:00:00,3,0,14:LN2 Level,0
73:22:00:00,3,1,15:AC Detector Leakage Current,-247
73:22:00:00,3,1,73:DC Detector Leakage Current,3.68E-05
73:22:00:00,3,1,16:Charge Loop DC Level,-0.65999997
73:23:00:00,3,0,11:PRTD 1,-166.32524
73:23:00:00,3,0,12:PRTD 2,-197.5283
73:23:00:00,3,0,13:Ambient Temperature,30.061768
73:23:00:00,3,0,14:LN2 Level,0
73:23:00:00,3,1,15:AC Detector Leakage Current,-247
73:23:00:00,3,1,73:DC Detector Leakage Current,-37.037
73:23:00:00,3,1,16:Charge Loop DC Level,-0.71999997
74:00:00:00,3,0,11:PRTD 1,-166.33084
74:00:00:00,3,0,12:PRTD 2,-197.52287
74:00:00:00,3,0,13:Ambient Temperature,30.061768
74:00:00:00,3,0,14:LN2 Level,0
74:00:00:00,3,1,15:AC Detector Leakage Current,-247
74:00:00:00,3,1,73:DC Detector Leakage Current,3.68E-05
74:00:00:00,3,1,16:Charge Loop DC Level,-0.65999997
74:01:00:00,3,0,11:PRTD 1,-166.31964
74:01:00:00,3,0,12:PRTD 2,-197.53374
74:01:00:00,3,0,13:Ambient Temperature,30.265839
74:01:00:00,3,0,14:LN2 Level,0
74:01:00:00,3,1,15:AC Detector Leakage Current,-247
74:01:00:00,3,1,73:DC Detector Leakage Current,-12.345631
74:01:00:00,3,1,16:Charge Loop DC Level,-0.65999997
74:02:00:00,3,0,11:PRTD 1,-166.31964
74:02:00:00,3,0,12:PRTD 2,-197.5283
74:02:00:00,3,0,13:Ambient Temperature,30.265839
74:02:00:00,3,0,14:LN2 Level,0
74:02:00:00,3,1,15:AC Detector Leakage Current,-247
74:02:00:00,3,1,73:DC Detector Leakage Current,-12.345631
74:02:00:00,3,1,16:Charge Loop DC Level,-0.67999995
74:03:00:00,3,0,11:PRTD 1,-166.31964
74:03:00:00,3,0,12:PRTD 2,-197.53374
74:03:00:00,3,0,13:Ambient Temperature,30.061768
74:03:00:00,3,0,14:LN2 Level,0
74:03:00:00,3,1,15:AC Detector Leakage Current,-247
74:03:00:00,3,1,73:DC Detector Leakage Current,-12.345631
74:03:00:00,3,1,16:Charge Loop DC Level,-0.67999995
74:04:00:00,3,0,11:PRTD 1,-166.32524
74:04:00:00,3,0,12:PRTD 2,-197.53374
74:04:00:00,3,0,13:Ambient Temperature,30.061768
74:04:00:00,3,0,14:LN2 Level,0
74:04:00:00,3,1,15:AC Detector Leakage Current,-247
74:04:00:00,3,1,73:DC Detector Leakage Current,-12.345631
74:04:00:00,3,1,16:Charge Loop DC Level,-0.67999995
74:05:00:00,3,0,11:PRTD 1,-166.33643
74:05:00:00,3,0,12:PRTD 2,-197.5446
74:05:00:00,3,0,13:Ambient Temperature,30.061768
74:05:00:00,3,0,14:LN2 Level,0
74:05:00:00,3,1,15:AC Detector Leakage Current,-247
74:05:00:00,3,1,73:DC Detector Leakage Current,3.68E-05
74:05:00:00,3,1,16:Charge Loop DC Level,-0.65999997
74:06:00:00,3,0,11:PRTD 1,-166.31964
74:06:00:00,3,0,12:PRTD 2,-197.53917
74:06:00:00,3,0,13:Ambient Temperature,30.265839
74:06:00:00,3,0,14:LN2 Level,0
74:06:00:00,3,1,15:AC Detector Leakage Current,-246
74:06:00:00,3,1,73:DC Detector Leakage Current,-12.345631
74:06:00:00,3,1,16:Charge Loop DC Level,-0.67999995
74:07:00:00,3,0,11:PRTD 1,-166.32524
74:07:00:00,3,0,12:PRTD 2,-197.5283
74:07:00:00,3,0,13:Ambient Temperature,30.061768
74:07:00:00,3,0,14:LN2 Level,0
74:07:00:00,3,1,15:AC Detector Leakage Current,-247
74:07:00:00,3,1,73:DC Detector Leakage Current,-49.382668
74:07:00:00,3,1,16:Charge Loop DC Level,-0.73999995
74:08:00:00,3,0,11:PRTD 1,-166.32524
74:08:00:00,3,0,12:PRTD 2,-197.52287
74:08:00:00,3,0,13:Ambient Temperature,30.265839
74:08:00:00,3,0,14:LN2 Level,0
74:08:00:00,3,1,15:AC Detector Leakage Current,-247
74:08:00:00,3,1,73:DC Detector Leakage Current,-12.345631
74:08:00:00,3,1,16:Charge Loop DC Level,-0.67999995
74:09:00:00,3,0,11:PRTD 1,-166.31964
74:09:00:00,3,0,12:PRTD 2,-197.52287
74:09:00:00,3,0,13:Ambient Temperature,30.265839
74:09:00:00,3,0,14:LN2 Level,0
74:09:00:00,3,1,15:AC Detector Leakage Current,-247
74:09:00:00,3,1,73:DC Detector Leakage Current,-37.037
74:09:00:00,3,1,16:Charge Loop DC Level,-0.71999997
74:10:00:00,3,0,11:PRTD 1,-166.31964
74:10:00:00,3,0,12:PRTD 2,-197.53917
74:10:00:00,3,0,13:Ambient Temperature,30.265839
74:10:00:00,3,0,14:LN2 Level,0
74:10:00:00,3,1,15:AC Detector Leakage Current,-247
74:10:00:00,3,1,73:DC Detector Leakage Current,-12.345631
74:10:00:00,3,1,16:Charge Loop DC Level,-0.67999995
74:11:00:00,3,0,11:PRTD 1,-166.32524
74:11:00:00,3,0,12:PRTD 2,-197.53917
74:11:00:00,3,0,13:Ambient Temperature,30.265839
74:11:00:00,3,0,14:LN2 Level,0
74:11:00:00,3,1,15:AC Detector Leakage Current,-246
74:11:00:00,3,1,73:DC Detector Leakage Current,-12.345631
74:11:00:00,3,1,16:Charge Loop DC Level,-0.67999995
74:12:00:00,3,0,11:PRTD 1,-166.33084
74:12:00:00,3,0,12:PRTD 2,-197.5283
74:12:00:00,3,0,13:Ambient Temperature,30.061768
74:12:00:00,3,0,14:LN2 Level,0
74:12:00:00,3,1,15:AC Detector Leakage Current,-247
74:12:00:00,3,1,73:DC Detector Leakage Current,-12.345631
74:12:00:00,3,1,16:Charge Loop DC Level,-0.67999995
74:13:00:00,3,0,11:PRTD 1,-166.33084
74:13:00:00,3,0,12:PRTD 2,-197.53917
74:13:00:00,3,0,13:Ambient Temperature,30.061768
74:13:00:00,3,0,14:LN2 Level,0
74:13:00:00,3,1,15:AC Detector Leakage Current,-247
74:13:00:00,3,1,73:DC Detector Leakage Current,-24.691298
74:13:00:00,3,1,16:Charge Loop DC Level,-0.6999999
74:14:00:00,3,0,11:PRTD 1,-166.32524
74:14:00:00,3,0,12:PRTD 2,-197.53374
74:14:00:00,3,0,13:Ambient Temperature,30.061768
74:14:00:00,3,0,14:LN2 Level,0
74:14:00:00,3,1,15:AC Detector Leakage Current,-247
74:14:00:00,3,1,73:DC Detector Leakage Current,-12.345631
74:14:00:00,3,1,16:Charge Loop DC Level,-0.67999995
74:15:00:00,3,0,11:PRTD 1,-166.33084
74:15:00:00,3,0,12:PRTD 2,-197.5283
74:15:00:00,3,0,13:Ambient Temperature,30.061768
74:15:00:00,3,0,14:LN2 Level,0
74:15:00:00,3,1,15:AC Detector Leakage Current,-247
74:15:00:00,3,1,73:DC Detector Leakage Current,3.68E-05
74:15:00:00,3,1,16:Charge Loop DC Level,-0.65999997
74:16:00:00,3,0,11:PRTD 1,-166.33084
74:16:00:00,3,0,12:PRTD 2,-197.5283
74:16:00:00,3,0,13:Ambient Temperature,30.061768
74:16:00:00,3,0,14:LN2 Level,0
74:16:00:00,3,1,15:AC Detector Leakage Current,-247
74:16:00:00,3,1,73:DC Detector Leakage Current,3.68E-05
74:16:00:00,3,1,16:Charge Loop DC Level,-0.65999997
74:17:00:00,3,0,11:PRTD 1,-166.32524
74:17:00:00,3,0,12:PRTD 2,-197.53374
74:17:00:00,3,0,13:Ambient Temperature,30.061768
74:17:00:00,3,0,14:LN2 Level,0
74:17:00:00,3,1,15:AC Detector Leakage Current,-247
74:17:00:00,3,1,73:DC Detector Leakage Current,-12.345631
74:17:00:00,3,1,16:Charge Loop DC Level,-0.67999995
74:18:00:00,3,0,11:PRTD 1,-166.31406
74:18:00:00,3,0,12:PRTD 2,-197.5446
74:18:00:00,3,0,13:Ambient Temperature,30.265839
74:18:00:00,3,0,14:LN2 Level,0
74:18:00:00,3,1,15:AC Detector Leakage Current,-246
74:18:00:00,3,1,73:DC Detector Leakage Current,3.68E-05
74:18:00:00,3,1,16:Charge Loop DC Level,-0.65999997
74:19:00:00,3,0,11:PRTD 1,-166.31964
74:19:00:00,3,0,12:PRTD 2,-197.5446
74:19:00:00,3,0,13:Ambient Temperature,30.265839
74:19:00:00,3,0,14:LN2 Level,0
74:19:00:00,3,1,15:AC Detector Leakage Current,-247
74:19:00:00,3,1,73:DC Detector Leakage Current,-12.345631
74:19:00:00,3,1,16:Charge Loop DC Level,-0.67999995
74:20:00:00,3,0,11:PRTD 1,-166.33084
74:20:00:00,3,0,12:PRTD 2,-197.53917
74:20:00:00,3,0,13:Ambient Temperature,30.265839
74:20:00:00,3,0,14:LN2 Level,0
74:20:00:00,3,1,15:AC Detector Leakage Current,-247
74:20:00:00,3,1,73:DC Detector Leakage Current,-12.345631
74:20:00:00,3,1,16:Charge Loop DC Level,-0.67999995
74:21:00:00,3,0,11:PRTD 1,-166.31964
74:21:00:00,3,0,12:PRTD 2,-197.52287
74:21:00:00,3,0,13:Ambient Temperature,30.265839
74:21:00:00,3,0,14:LN2 Level,0
74:21:00:00,3,1,15:AC Detector Leakage Current,-246
74:21:00:00,3,1,73:DC Detector Leakage Current,-12.345631
74:21:00:00,3,1,16:Charge Loop DC Level,-0.67999995
74:22:00:00,3,0,11:PRTD 1,-166.31964
74:22:00:00,3,0,12:PRTD 2,-197.53917
74:22:00:00,3,0,13:Ambient Temperature,30.265839
74:22:00:00,3,0,14:LN2 Level,0
74:22:00:00,3,1,15:AC Detector Leakage Current,-246
74:22:00:00,3,1,73:DC Detector Leakage Current,-12.345631
74:22:00:00,3,1,16:Charge Loop DC Level,-0.67999995
74:23:00:00,3,0,11:PRTD 1,-166.30846
74:23:00:00,3,0,12:PRTD 2,-197.53374
74:23:00:00,3,0,13:Ambient Temperature,30.265839
74:23:00:00,3,0,14:LN2 Level,0
74:23:00:00,3,1,15:AC Detector Leakage Current,-247
74:23:00:00,3,1,73:DC Detector Leakage Current,3.68E-05
74:23:00:00,3,1,16:Charge Loop DC Level,-0.65999997
75:00:00:00,3,0,11:PRTD 1,-166.32524
75:00:00:00,3,0,12:PRTD 2,-197.53374
75:00:00:00,3,0,13:Ambient Temperature,30.061768
75:00:00:00,3,0,14:LN2 Level,0
75:00:00:00,3,1,15:AC Detector Leakage Current,-247
75:00:00:00,3,1,73:DC Detector Leakage Current,-12.345631
75:00:00:00,3,1,16:Charge Loop DC Level,-0.67999995
75:01:00:00,3,0,11:PRTD 1,-166.33084
75:01:00:00,3,0,12:PRTD 2,-197.5446
75:01:00:00,3,0,13:Ambient Temperature,30.061768
75:01:00:00,3,0,14:LN2 Level,0
75:01:00:00,3,1,15:AC Detector Leakage Current,-247
75:01:00:00,3,1,73:DC Detector Leakage Current,-12.345631
75:01:00:00,3,1,16:Charge Loop DC Level,-0.67999995
75:02:00:00,3,0,11:PRTD 1,-166.32524
75:02:00:00,3,0,12:PRTD 2,-197.53917
75:02:00:00,3,0,13:Ambient Temperature,30.265839
75:02:00:00,3,0,14:LN2 Level,0
75:02:00:00,3,1,15:AC Detector Leakage Current,-246
75:02:00:00,3,1,73:DC Detector Leakage Current,3.68E-05
75:02:00:00,3,1,16:Charge Loop DC Level,-0.65999997
75:03:00:00,3,0,11:PRTD 1,-166.31964
75:03:00:00,3,0,12:PRTD 2,-197.53917
75:03:00:00,3,0,13:Ambient Temperature,30.061768
75:03:00:00,3,0,14:LN2 Level,0
75:03:00:00,3,1,15:AC Detector Leakage Current,-247
75:03:00:00,3,1,73:DC Detector Leakage Current,-12.345631
75:03:00:00,3,1,16:Charge Loop DC Level,-0.67999995
75:04:00:00,3,0,11:PRTD 1,-166.31406
75:04:00:00,3,0,12:PRTD 2,-197.53374
75:04:00:00,3,0,13:Ambient Temperature,30.265839
75:04:00:00,3,0,14:LN2 Level,0
75:04:00:00,3,1,15:AC Detector Leakage Current,-247
75:04:00:00,3,1,73:DC Detector Leakage Current,-24.691298
